Id,Name,Instance,0,1,2,3,4,5,6,7,8,9,10
v_0,forecast_test,0,4,4,4,4,4,4,4,4,4,4,4
v_1,Input_1,0,4,4,4,4,4,4,4,4,4,4,4
v_2,Input_2,0,4,4,4,4,4,4,4,4,4,4,4
v_3,Input_3,0,4,4,4,4,4,4,4,4,4,4,4
v_4,pulse_test,0,0,0,0,0,1,1,1,1,0,0,0
v_5,step_test,0,0,0,0,0,4,4,4,4,4,4,4
v_6,trend_test,0,4,0.6,0.28125,0.164634146341463,0.106020942408377,0.0718934911242604,0.050303615788021,0.035920767360883,0.0260064054795389,0.0190104116363075,0.0139918184980423

