Id,Name,Instance,0,1,2,3,4,5,6,7,8,9,10
v_0,forecast_test,0,4,4,4,4,4,4,4,4,4,4,4
v_1,Input_1,0,4,4,4,4,4,4,4,4,4,4,4
v_2,Input_2,0,4,4,4,4,4,4,4,4,4,4,4
v_3,Input_3,0,1,1,1,1,1,1,1,1,1,1,1
v_4,pulse_test,0,0,0,0,0,1,1,1,1,0,0,0
v_5,step_test,0,0,0,0,0,4,4,4,4,4,4,4
v_6,trend_test,0,1,0.375,0.204545454545455,0.127358490566038,0.0847280334728033,0.0585824493731919,0.0415053518560692,0.0298884819329798,0.0217658143022068,0.015976616655357,0.0117940337357021

